Time,Zone_0,Zone_1,Zone_2,Zone_3,Zone_4,Zone_5,Zone_6,Zone_7,Zone_8,Zone_9,Zone_10,Zone_11,Zone_12,Zone_13,Zone_14,Zone_15,Zone_16,Zone_17,Zone_18,Zone_19,Zone_20,Zone_21,Zone_22,Zone_23,Zone_24,Zone_25,Zone_26,Zone_27,Zone_28,Zone_29,Zone_30,Zone_31,Zone_32,Zone_33,Zone_34,Zone_35,Zone_36,Zone_37,Zone_38,Zone_39,Zone_40,Zone_41,Zone_42,Zone_43,Zone_44,Zone_45,Zone_46,Zone_47,Zone_48,Zone_49,Zone_50,Zone_51,Zone_52,Zone_53,Zone_54,Zone_55,Zone_56,Zone_57,Zone_58,Zone_59,Zone_60,Zone_61,Zone_62,Zone_63,Label,Volume
1747828732000,233,229,241,248,240,246,243,248,240,237,2595,2677,238,241,240,236,217,2409,208,223,236,235,224,243,213,203,202,214,230,236,242,243,232,201,200,210,242,238,242,248,229,197,196,206,221,237,258,243,187,186,188,199,213,230,237,2017,186,192,191,198,214,227,242,1889,Drinking,120.0
1747828732200,233,229,241,248,240,246,243,248,240,796,2595,2677,543,241,240,236,217,2409,1095,825,536,235,224,243,213,485,483,214,230,236,242,243,232,201,200,210,242,238,242,248,229,197,196,206,221,237,258,243,187,186,188,199,213,230,667,2017,186,192,191,198,214,227,242,1889,Drinking,120.0
1747828732400,236,229,238,248,241,246,243,248,237,1088,2610,2611,537,249,232,236,229,2446,2483,1104,531,235,236,241,212,775,773,505,241,236,239,243,232,201,199,211,242,238,242,248,229,198,197,205,223,237,258,253,188,187,189,199,216,234,663,1997,186,192,191,196,213,225,224,1882,Drinking,120.0
1747828733000,236,230,238,246,241,241,250,255,235,1090,2623,817,236,249,232,239,230,2451,2483,812,244,237,244,229,212,776,774,507,242,250,239,246,232,201,199,212,242,240,242,251,231,198,197,205,229,237,250,253,189,187,189,199,219,234,246,1981,185,192,191,196,211,225,224,225,Drinking,120.0
1747828733200,236,235,235,245,247,241,250,239,236,1093,2623,817,238,244,232,239,235,2470,2479,812,244,245,244,229,215,779,776,506,246,250,240,243,231,202,199,212,238,244,242,243,229,198,197,205,230,238,244,247,189,187,190,199,219,231,246,1997,185,192,191,195,213,227,229,225,Drinking,120.0
1747828733400,236,231,235,246,243,241,248,239,236,1093,2623,817,245,244,232,239,235,2470,2479,813,243,251,244,229,215,779,776,506,248,235,240,246,229,202,200,213,237,245,242,243,229,197,196,205,230,238,241,243,189,187,189,199,215,228,243,2010,185,190,191,195,211,227,239,241,Drinking,120.0
1747828733600,236,236,235,246,243,241,248,239,236,807,2615,531,238,246,232,239,219,2471,801,526,240,251,242,230,213,492,492,217,248,230,240,243,225,201,199,212,237,245,242,242,224,197,196,203,230,239,240,247,188,187,187,199,214,228,656,2010,184,190,191,195,212,224,229,1832,Drinking,120.0
1747828733800,236,231,233,2793,233,241,244,239,228,799,2608,844,555,246,232,237,219,2437,793,520,229,243,228,230,209,485,485,213,244,229,236,243,220,200,197,209,229,239,241,238,222,193,195,203,225,238,240,242,187,187,186,197,213,228,639,1995,183,190,189,194,211,224,226,1721,Drinking,120.0
1747828734000,227,225,216,2793,232,237,240,233,219,509,2615,838,546,235,220,234,197,501,501,511,229,232,228,230,198,187,189,199,231,218,231,236,208,190,188,199,220,221,234,236,212,187,188,194,212,230,235,240,181,182,182,192,213,236,638,1995,184,191,189,194,212,224,226,1721,Drinking,120.0
1747828734200,227,214,211,2793,231,233,240,228,211,501,2597,830,541,224,218,231,187,493,494,503,224,223,228,228,198,181,182,191,223,218,226,236,207,185,184,194,214,220,219,235,212,187,186,191,210,218,233,234,175,177,181,189,211,226,633,1995,189,192,189,194,211,219,225,1721,Drinking,120.0
1747828734400,225,214,211,2829,231,233,243,228,209,501,2599,835,546,224,218,217,187,493,495,504,222,223,229,221,198,181,182,191,223,221,225,235,207,185,184,194,214,220,219,235,212,187,186,191,210,218,233,234,175,177,182,189,210,218,650,1995,189,192,189,194,210,223,222,1861,Drinking,120.0
1747828734600,227,216,213,2751,238,234,243,228,211,503,2597,828,542,236,228,230,192,496,499,509,222,225,229,221,198,186,187,200,227,226,226,235,207,187,186,198,222,238,233,238,212,189,186,194,215,228,235,236,176,179,182,192,210,217,636,1871,188,191,189,194,210,223,220,1861,Drinking,120.0
1747828735000,231,222,223,2751,238,246,243,241,225,512,2599,836,547,239,230,230,203,504,506,517,233,230,235,229,200,191,196,209,233,232,238,235,210,193,191,206,229,238,238,240,212,191,191,201,224,235,236,239,180,182,186,196,213,218,235,237,187,191,189,194,211,223,220,225,Drinking,120.0
1747828735200,236,231,223,2680,238,246,243,243,235,521,2621,832,541,243,231,232,218,513,515,523,233,233,237,234,205,198,201,215,237,238,238,239,214,194,197,210,235,228,242,239,214,193,194,203,228,235,237,239,181,182,186,197,215,226,244,1871,186,191,189,194,211,223,230,225,Drinking,120.0
1747828735400,236,231,226,2680,242,246,252,241,235,522,2621,834,542,243,234,235,219,514,516,524,233,235,237,235,206,200,201,218,240,238,236,241,218,198,199,211,241,228,238,241,215,195,194,203,230,239,237,240,184,182,187,199,213,226,246,2002,186,189,187,194,211,223,232,231,Drinking,120.0
1747828735600,228,231,221,2787,242,244,257,243,235,520,2607,846,557,244,234,235,224,513,516,524,237,235,244,235,208,202,204,220,240,239,236,241,216,198,199,212,241,242,238,239,216,195,194,205,228,239,237,244,181,183,187,199,216,226,244,2003,190,189,187,193,212,223,234,231,Drinking,120.0
1747828735800,227,230,226,2841,243,244,257,242,232,519,2607,854,563,243,232,238,219,512,515,524,240,235,234,237,208,202,204,220,245,235,236,241,216,198,199,212,239,243,237,241,216,195,194,205,226,239,237,244,181,183,187,199,211,232,611,2007,190,189,187,193,212,228,234,1471,Drinking,120.0
1747828736000,225,230,220,2858,232,244,235,242,228,521,2657,2654,865,243,231,238,206,513,819,829,533,233,221,237,204,194,197,212,245,231,234,240,208,195,192,209,237,243,237,235,207,192,192,202,222,229,230,240,181,181,188,199,218,232,652,2024,191,190,187,193,212,227,228,1812,Drinking,120.0
1747828736200,211,214,217,2858,245,246,235,242,216,515,2657,858,566,243,231,238,206,511,517,527,240,237,221,237,204,194,197,212,245,231,234,240,208,195,192,209,239,243,237,241,207,192,192,202,226,229,230,240,181,181,195,199,221,235,651,2007,201,196,192,202,218,228,228,1812,Drinking,120.0
1747828736400,211,214,217,328,250,249,277,248,216,521,2644,315,257,279,250,253,227,523,541,557,260,254,259,259,208,471,229,257,267,260,254,253,2191,711,248,259,267,260,277,272,2116,724,243,294,267,254,269,287,261,484,268,251,259,261,679,1991,252,252,247,248,252,269,251,1853,Drinking,120.0
1747828736600,288,298,2756,2862,335,288,321,275,302,1445,2643,1513,338,296,324,3056,339,2409,2528,879,307,304,663,304,2290,2342,1342,929,1012,998,354,307,2197,2199,804,656,3069,3102,913,293,2080,1221,318,351,1012,999,1099,2209,2032,1135,702,329,294,295,927,1934,268,3522,234,232,328,292,251,1753,Not_Drinking,97.3
1747828736800,288,298,2756,2862,335,288,321,275,302,1445,2643,1513,338,296,324,3056,339,2409,2528,879,307,304,663,304,2290,2342,1342,929,1012,998,354,307,2197,2199,804,656,3069,3102,913,293,2080,1221,318,351,1012,999,1099,2209,2032,1135,702,329,294,295,927,1934,268,3522,234,232,328,292,251,1753,Not_Drinking,97.3
1747828737000,288,298,2756,2862,335,288,321,275,302,2610,2615,4716,1180,296,324,3056,2419,2442,2528,1426,869,304,663,304,2290,2319,1344,935,1018,1004,888,307,2197,2199,802,662,3113,3102,1134,2169,2080,1221,318,351,1030,1014,1298,2104,2032,1132,703,351,374,295,860,1751,268,3498,234,240,264,292,251,1504,Not_Drinking,97.3
1747828737200,288,298,2825,2862,335,288,321,275,302,2610,2615,4716,1180,296,324,3056,2419,2457,2528,1426,1130,304,923,304,2304,2314,1345,935,1278,2444,1159,307,2205,2199,1248,662,3113,3102,1725,2246,2086,3889,1005,1096,1454,2100,2993,2000,2025,1579,1152,725,3760,1397,2958,1751,268,3498,233,254,264,292,251,1468,Not_Drinking,97.3
1747828737400,288,298,2839,2862,335,288,321,275,302,2594,2653,4716,1180,296,324,3056,2366,2457,2528,1430,1134,304,927,304,2305,2319,1699,1282,1275,2473,1162,307,2211,2199,3135,1009,3060,3102,1725,2246,2086,3889,1780,1865,2291,2516,2993,1972,1977,1574,1574,3722,3760,3672,2958,1751,268,3498,238,255,264,292,1951,1504,Not_Drinking,97.3
1747828737600,288,298,2844,2862,335,288,321,275,302,2594,2697,4716,1180,296,324,3056,2348,2457,2528,1436,1134,304,927,304,2308,2349,1703,1282,1275,2473,1163,307,2236,2199,3135,1009,3060,3102,1638,2251,2124,3889,1780,1865,2291,2425,2265,2000,1977,1579,1574,3722,3760,3672,2958,1779,268,3498,239,258,264,292,1951,1540,Not_Drinking,97.3
1747828737800,288,298,2923,2862,335,288,321,275,302,2594,2784,4716,1733,865,324,3056,2348,2487,2584,2007,4731,1129,920,304,2321,2410,1731,1987,1966,2419,1156,307,2257,2276,3135,1154,4219,3102,1634,2251,2139,3889,2034,2010,2435,2570,2265,2019,2056,2280,1827,3722,3760,3672,2958,1877,268,3498,285,275,264,3440,1921,1540,Not_Drinking,97.3
1747828738000,288,298,2923,2862,335,288,321,275,302,2594,2808,2945,1512,865,324,3056,2348,2523,2693,2078,4731,1129,920,304,2321,2416,2503,2276,1966,2419,1162,307,2275,2327,3135,1842,4219,3102,1640,2300,2168,2207,3622,2434,2447,2570,2265,2019,2074,2280,2046,3813,3760,3672,2958,2088,268,3498,285,318,264,3440,1921,1482,Not_Drinking,97.3
1747828738200,288,298,2923,2862,335,288,321,275,302,2594,2808,2887,2952,1192,324,3056,2348,2523,2766,2706,4731,1456,920,304,2321,2475,2520,2494,2262,2419,1162,307,2275,2335,2420,1755,4219,3102,1640,2300,2177,2207,3622,2345,2447,2570,2265,2019,2092,2280,2458,3813,3760,3672,2958,2088,1940,3498,285,3614,3589,3616,1921,1482,Not_Drinking,97.3
1747828738400,288,298,2923,2862,3084,288,321,275,302,2594,2808,2887,2958,1536,324,3111,2348,2523,2766,2717,4731,1456,927,304,2321,2475,2520,2492,2264,2419,1162,307,2275,2361,2393,1752,4219,3102,1640,2300,2177,2197,3622,2341,2447,2570,2265,2019,2092,2280,2457,3813,3760,3672,2958,2890,1946,3498,285,3614,3589,3616,1921,1482,Not_Drinking,97.3
1747828738600,288,298,2923,2862,3084,288,321,275,302,2594,3034,2867,2958,1536,324,3087,2348,2523,2705,2706,4731,1456,924,304,2321,2475,2506,2481,2186,2419,1086,307,2275,2335,2393,1750,4219,2496,1564,2300,2176,2219,3622,2341,2365,2488,2265,2019,2085,2128,2441,3813,3760,3627,2958,2890,1965,3498,285,3614,3589,3616,1921,1482,Not_Drinking,97.3
1747828738800,288,298,2923,2862,3084,288,321,275,302,2594,3034,2801,2889,1528,648,3116,2348,2523,2705,2683,4731,1736,1215,304,2321,2475,2493,2563,2568,4722,1374,307,2275,2327,2384,1844,2749,2496,1852,2300,2161,2219,3622,2157,2182,2305,2265,2019,2084,2105,2518,3813,3760,3627,2958,2890,1965,4138,285,3614,3589,3599,3487,1482,Not_Drinking,97.3
1747828739000,288,298,2923,2862,3084,288,321,275,302,2594,3034,2801,2879,1526,324,3113,2348,2523,2705,2676,4731,1734,1215,304,2321,2475,2484,2563,2568,4722,1374,307,2320,2326,2352,1839,2749,2496,1852,2300,2154,2219,3622,2144,2173,2305,2265,2019,2084,2105,2510,3744,3760,3627,2958,2890,1965,4138,285,3617,3589,3599,3487,1482,Not_Drinking,97.3
1747828739200,288,298,1045,2862,3084,288,321,275,302,2594,3034,2801,2797,2812,962,3113,2348,2523,2705,2676,2678,1782,1530,304,2321,2475,2462,2519,2563,4722,1374,307,2320,2176,2345,2365,2749,2496,2201,2300,2154,2212,2217,2225,2800,3148,2265,2019,2055,2085,2750,3744,3762,3789,2958,2890,1984,4138,3636,3617,3589,3599,3487,3310,Not_Drinking,97.3
1747828739400,288,298,1045,2862,3084,288,321,275,302,2594,3034,2801,2797,2812,2785,3113,2348,2523,2705,2676,2678,2570,2637,304,2321,2475,2462,2463,2445,2540,1664,307,2320,2176,2343,2365,2351,2378,2024,2300,2154,2203,2217,2231,3081,4029,2265,2019,2028,2085,2090,3744,3762,3789,2958,2890,2007,2023,3636,3617,3589,3599,3487,3310,Not_Drinking,97.3
1747828739600,288,298,1045,2862,3084,288,321,3083,302,2594,3034,2801,2797,2812,2785,2874,2348,2523,2705,2676,2678,2570,2637,304,2321,2475,2462,2463,2445,2458,2484,307,2320,2176,2343,2302,2346,2378,2280,2300,2154,2203,2217,2231,2869,4029,2265,2019,2028,2085,2095,2121,3762,3789,2958,2890,2007,1996,3636,3666,3589,3599,3487,3310,Not_Drinking,97.3
1747828739800,288,298,1045,2862,3084,288,321,3083,302,2594,3034,2801,2797,2812,2785,2874,2348,2523,2705,2676,2678,2570,2610,304,2321,2475,2462,2463,2445,2458,2484,307,2320,2176,2343,2302,2346,2378,2280,2300,2154,2203,2201,2220,2868,4029,2265,2019,2028,2085,2090,2121,3762,3789,2958,2890,2009,1996,3636,3617,3589,3599,3487,3310,Not_Drinking,97.3
1747828740000,288,298,1045,2862,3084,288,321,3083,302,2594,3034,2801,2797,2812,2785,2832,2348,2523,2705,2676,2678,2570,2610,2583,2321,2475,2462,2463,2445,2445,2413,307,2320,2176,2343,2286,2327,2347,2155,2300,2154,2203,2194,2209,2201,3148,2265,2019,2028,2085,2095,2116,3762,3789,2958,2890,2016,2020,1992,3711,3589,3599,3487,3310,Not_Drinking,97.3
1747828740200,288,298,1045,2862,3084,288,321,3083,302,2594,3034,2801,2797,2812,2785,2832,2348,2523,2705,2676,2678,2570,2610,2583,2321,2475,2462,2463,2445,2445,2402,2403,2320,2176,2343,2286,2367,2343,2312,2300,2154,2203,2194,2190,2211,2211,2265,2019,2028,2085,2116,2137,2104,3635,2958,2890,2031,2020,2018,3711,3589,3599,3487,3510,Not_Drinking,97.3
1747828740400,288,298,1045,2862,3084,288,321,3083,302,2594,3034,2801,2797,2812,2785,2832,2348,2523,2705,2676,2678,2570,2610,2583,2321,2475,2462,2463,2445,2445,2402,2421,2320,2176,2343,2286,2367,2306,2312,2289,2154,2203,2194,2209,2211,2202,2265,2019,2028,2089,2116,2099,2103,3635,2958,2890,2053,2020,2015,3711,3589,3599,3487,3510,Not_Drinking,97.3
1747828740600,288,298,1045,2862,3084,288,321,3083,302,2594,3034,2801,2797,2812,2785,2832,2348,2523,2705,2676,2678,2570,2610,2583,2321,2475,2462,2463,2445,3622,2402,2421,2320,2176,2343,2286,2367,2306,2314,2297,2154,2203,2194,2207,2213,2204,2168,2019,2028,2089,2116,2137,2103,3635,2958,2890,2057,2035,2018,2032,3589,3597,3487,3510,Not_Drinking,97.3
1747828740800,288,298,1045,2862,3084,288,321,3083,302,2594,3034,2801,2797,2812,2785,2832,2348,2523,2705,2676,2678,2570,2610,2583,2321,2475,2462,2463,2445,3622,2402,2439,2320,2176,2343,2286,2367,2325,2297,2297,2154,2203,2194,2213,2220,2204,2168,2019,2028,2087,2126,2114,2103,3635,2958,3756,2057,2042,2024,1981,3589,3597,3487,3546,Not_Drinking,97.3
1747828741000,1867,298,1045,2862,3084,288,321,3083,302,2594,3034,2801,2797,2812,2785,2832,2348,2523,2705,2676,2678,2570,2610,2592,2321,2475,2462,2463,2445,2608,2440,2439,2320,2176,2343,2286,2355,2327,2315,2326,2154,2203,2194,2231,2227,2210,3799,2019,2028,2087,2130,2117,2129,3635,3835,3756,2038,2042,2030,2032,3589,3597,3487,3546,Not_Drinking,97.3
1747828741200,1867,298,1045,2862,3084,288,321,3083,302,2594,3034,2801,2797,2812,2785,2832,2348,2523,2705,2676,2678,2570,2599,2601,2321,2475,2462,2463,2445,2496,2476,2433,2320,2176,2343,2286,2355,2347,2325,2326,2154,2203,2194,2247,2228,2221,3799,2019,2028,2087,2129,2114,2144,3864,3835,3756,2017,2018,2024,3688,3589,3597,3487,3546,Not_Drinking,97.3
1747828741400,1867,298,1045,2862,3084,288,321,3083,302,2594,3034,2801,2797,2812,2785,2822,2348,2523,2705,2676,2678,2570,2599,2609,2321,2475,2462,2463,2445,2442,2476,2433,2320,2176,2343,2286,2348,2347,2325,2326,2154,2203,2194,2247,2228,2221,3799,2019,2028,2090,2129,2112,3931,3864,3835,3756,2017,2012,2011,3688,3589,3650,3631,3546,Not_Drinking,97.3
1747828741600,1867,298,1045,2862,3084,288,321,3083,302,2594,3034,2801,2797,2812,2781,2787,2348,2523,2705,2676,2626,2570,2601,2631,2321,2475,2462,2463,2442,2451,2476,2433,2320,2176,2343,2323,2348,2335,2325,2326,2154,2203,2205,2214,2227,2221,3799,2019,2028,2104,2098,2100,3931,3802,3835,3756,1969,2010,2011,3688,3589,3650,3631,3218,Not_Drinking,97.3
1747828741800,1867,298,1045,2862,3084,288,321,3083,302,2594,3034,2801,2797,2812,2768,2787,2348,2523,2705,2676,2544,2570,2611,2631,2321,2475,2462,2463,2432,2444,2556,2433,2320,2176,2335,2323,2334,2335,2325,2326,2154,2155,2205,2207,2227,2221,3799,2019,2038,2098,2086,2100,3931,3802,3835,3756,1979,1988,2011,3645,3589,3650,3631,3218,Not_Drinking,97.3
1747828742000,1867,298,1045,2862,3084,288,321,3016,302,2594,3034,2801,2797,2812,2774,2826,2348,2523,2705,2676,2544,2589,2611,2631,2321,2475,2462,2410,2432,2444,2556,2433,2320,2176,2279,2323,2331,2335,2325,2326,2154,2155,2189,2214,2227,2221,3799,2019,2038,2098,2079,2100,3931,3802,3835,3756,1979,1988,2011,3645,3589,3650,3631,3218,Not_Drinking,97.3
1747828742200,1867,298,1045,2862,3084,288,321,3016,302,2594,3707,2801,2797,2812,2774,2826,2348,2523,2705,2676,2544,2595,2611,2631,2321,2475,2462,2376,2425,2444,2556,2433,2320,2176,2266,2323,2331,2335,2325,2326,1222,2157,2186,2218,2227,2221,3799,2019,2038,2058,2075,2100,3931,3802,3835,3756,1979,1974,1883,3611,3589,3650,3631,3218,Not_Drinking,97.3
1747828742400,1867,298,1045,2862,3084,288,321,3016,302,2594,3707,2801,2797,2812,2812,2826,2348,2523,2705,2676,2595,2598,2571,2631,2321,2475,2462,2376,2445,2436,2556,2433,2320,2176,2279,2320,2345,2335,2325,2326,1222,2157,2184,2226,2227,2221,3799,2019,2044,2058,2072,2100,3931,3802,3835,3756,1972,1938,1883,3611,3589,3650,3631,3218,Not_Drinking,97.3
1747828742600,1867,298,1045,2862,3084,288,321,3016,302,2594,3707,2801,2797,2812,2812,2841,2348,2523,2705,2676,2568,2600,2643,2631,2321,2475,2462,2376,2450,2417,2556,2433,2320,2176,2266,2323,2345,2335,2325,2326,1222,2165,2178,2226,2227,2221,3799,2019,2052,2073,2072,2100,3931,3743,3835,3756,1972,1938,1883,3611,3589,3650,3631,3218,Not_Drinking,97.3
1747828742800,3684,298,1045,2862,3084,288,321,3096,302,2594,3707,2801,2797,2812,2812,3032,2348,2523,2705,2676,2584,2600,2598,2631,2321,2475,2462,2393,2450,2436,2556,2433,2320,2176,2280,2328,2345,2335,2325,2326,1222,2165,2178,2207,2227,2221,3799,2019,2061,2073,2072,2100,3776,3743,3835,3756,1969,1939,3635,3653,3566,3650,3631,3218,Not_Drinking,97.3
1747828743000,3684,298,1045,2862,3084,288,321,3096,302,2594,3707,2801,2797,2812,2804,3032,2348,2523,2705,2676,2584,2616,2598,2631,2321,2475,2462,2394,2427,2477,2556,2433,2320,2176,2283,2330,2334,3261,2325,2326,1222,2165,2178,2207,2227,2221,3799,2019,2061,2067,2094,2359,3776,3759,3835,3756,1977,1939,3635,3653,3566,3650,3550,3218,Not_Drinking,97.3
1747828743200,3684,298,1045,2862,3084,288,321,3096,302,2594,3707,2801,2797,2812,2841,3032,2348,2523,2705,2676,2586,2616,2598,2631,2321,2475,2462,2433,2427,2632,2556,2433,2320,2176,2303,2330,2334,3261,2325,2326,1222,2164,2172,2207,2227,2221,3799,2019,2050,2065,2108,2359,3776,3759,3787,3756,1953,1939,3635,3642,3566,3650,3550,3218,Not_Drinking,97.3
1747828743400,3684,298,1045,2862,3084,288,321,3096,302,2594,3707,2801,2797,2816,2869,3032,2348,2523,2705,2676,2615,2616,2598,2631,2321,2475,2462,2466,2499,2632,2556,2433,2320,2260,2303,2330,2334,3261,2325,2326,1222,2164,2167,2207,2227,2221,3799,2019,2046,2036,2108,3798,3776,3817,3787,3756,1932,3565,3635,3635,3566,3650,3550,3218,Not_Drinking,97.3
1747828743600,3684,298,1045,2862,3084,288,321,3096,302,2594,3707,4640,2846,2841,2909,3157,2348,2523,2705,2633,2668,2710,2598,2631,2321,2475,2462,2466,2499,2632,2556,2433,2303,2287,2310,2337,3293,3261,2325,2326,2122,2150,2167,2207,2227,3111,3799,2216,2030,1648,2108,3798,3776,3724,3787,3756,1920,3565,3635,3584,3566,3650,3550,3218,Not_Drinking,97.3
1747828743800,3684,298,1045,2862,3084,288,321,3096,302,2594,3707,4640,2846,2841,2909,3157,2348,2523,2705,2633,2668,2710,2598,2631,2321,2475,2462,2435,2499,2632,2556,2433,2303,2260,2303,2337,3293,3261,2325,2326,2122,2164,2172,2207,2227,3111,3799,2216,2030,1648,2108,3798,3776,3817,3787,3756,1920,3555,3635,3584,3566,3650,3550,3218,Not_Drinking,97.3
1747828744000,3684,298,1045,2862,3084,288,321,3096,302,2594,3707,4640,2846,2841,2909,3157,2348,2523,2705,2676,2668,2710,2598,2631,2321,2475,2475,2435,2499,2632,2556,2433,2239,2287,2300,2337,3293,3261,2325,2326,2122,2164,3894,2207,2227,3111,3799,2216,2046,1648,2108,3798,3776,3210,3787,3756,1920,3555,3635,3635,3566,3650,3550,2024,Not_Drinking,97.3
1747828744200,3684,298,1045,2862,3084,288,321,3096,302,2594,3707,3022,2941,2841,2909,3157,2348,2523,2642,2709,2800,2710,2598,2631,2321,2494,2498,2474,2499,4668,2556,2433,2282,2314,2300,2337,3293,3261,2325,2326,2139,2180,3894,2207,2227,3111,3799,2216,2061,1648,2108,3798,3776,3210,3787,3756,1920,3555,3635,3680,3566,3650,3550,2024,Not_Drinking,97.3
1747828744400,3684,298,1045,2862,3084,288,321,3096,302,2594,3707,3193,2954,2841,2909,3157,2348,2523,2642,2709,2800,2710,2598,2631,2321,2591,2584,2474,2499,4668,2556,2433,2282,2330,2300,2337,3293,3261,2325,2326,2154,2181,3894,2207,2227,4167,3799,2216,2061,1648,2108,3798,3776,3210,3787,3756,1920,3555,3635,3683,3566,3650,3550,1827,Not_Drinking,97.3
1747828744600,3684,298,1045,2862,3084,288,321,3096,302,2594,3084,3193,3270,2841,2909,3157,2348,2779,2800,2709,2800,2710,2598,2631,2462,2571,2584,2474,2499,4668,2556,2433,2323,2372,2300,2337,3293,3261,2325,2326,2216,2181,3894,2207,2227,4167,3799,1684,2061,1648,2108,3798,3776,3210,3787,1586,1920,3555,3635,3728,3566,3650,2098,1433,Not_Drinking,97.3
1747828744800,3684,298,17,2862,3084,288,321,3096,302,2594,3084,3193,3270,2841,2909,3157,2348,2781,2800,2709,2800,2710,3123,2631,2480,2591,2584,2474,2499,4668,2556,2433,2340,2372,2300,2337,3293,3261,2325,1779,2237,2181,3894,2207,2227,4167,3799,1677,2061,1648,2108,3798,3776,3210,2220,1418,1920,3555,3692,3728,3566,3650,2054,1276,Not_Drinking,97.3
1747828745000,3684,298,3291,2862,3084,288,321,3096,302,2594,3084,3193,3270,2841,2909,3157,2348,2779,2800,2709,2800,2710,3199,2631,2480,2593,2584,2474,2499,4668,2556,2433,2340,2372,2300,2337,3293,3261,2325,1727,2237,2181,3894,2207,2227,4167,2429,1581,2061,1648,2108,3798,3776,3210,2201,1390,1920,3555,3692,3728,3566,3650,1727,1276,Not_Drinking,97.3
1747828745200,3684,298,3291,2862,3084,288,321,3096,302,2594,3084,3193,3270,2841,2909,3157,2348,2764,2800,2709,2800,2710,3123,2631,2479,2593,2584,2474,2499,4668,2556,2433,2319,2372,2300,2337,3293,3261,2325,1716,2237,2181,3894,2207,2227,4167,2382,1548,2061,1648,2108,2720,3776,3210,2117,1381,1920,3555,3682,3728,3566,3650,1595,1245,Not_Drinking,97.3
1747828745400,229,202,203,202,209,213,223,212,235,201,518,2774,2974,557,206,210,237,191,515,863,874,555,211,213,229,456,185,191,202,225,223,234,2227,697,194,201,204,219,228,230,2157,929,197,196,584,590,598,240,2042,680,200,215,586,3210,596,227,209,217,218,213,217,217,218,213,Not_Drinking,97.3
1747828745600,233,228,226,221,224,221,233,236,229,216,838,2757,2843,551,231,231,231,208,824,2640,1160,546,230,236,215,195,500,499,507,213,215,244,235,197,183,182,191,224,233,230,239,193,184,181,633,648,660,242,208,190,183,182,632,3690,656,224,167,170,173,182,197,217,216,221,Drinking,97.3
1747828745800,233,228,226,221,224,221,233,236,229,216,838,2757,2843,551,231,231,231,208,824,2640,1160,546,230,236,215,195,500,499,507,213,215,244,235,197,183,182,191,224,233,230,239,193,184,181,633,648,660,242,208,190,183,182,632,3690,656,224,167,170,173,182,197,217,216,221,Drinking,97.3
1747828746000,236,235,234,243,236,250,250,243,236,233,838,2684,2785,556,229,231,231,223,824,2629,1150,548,238,236,226,453,508,511,518,225,228,244,2129,447,192,196,212,228,235,240,247,445,192,194,208,229,242,245,218,195,190,190,206,229,232,227,172,179,182,193,202,219,219,221,Drinking,97.3
1747828746200,236,235,237,248,237,250,250,243,242,512,818,2664,2718,550,229,234,235,504,2444,1114,847,545,240,240,231,739,494,495,218,241,246,246,2166,456,198,205,217,237,246,240,247,453,196,196,211,233,243,254,220,198,192,195,207,229,237,235,174,180,184,194,205,227,225,228,Drinking,97.3
1747828746400,236,237,242,248,238,247,248,239,242,517,819,2632,2689,548,241,238,240,511,2463,1113,843,546,242,240,236,740,499,502,233,241,246,250,2130,454,201,208,222,243,246,245,247,449,197,201,215,236,244,260,221,199,194,196,211,229,240,235,177,181,186,194,207,227,232,228,Drinking,97.3
1747828746600,248,237,244,247,2794,247,247,239,242,516,1091,2586,2660,864,241,238,240,509,2444,2490,1116,545,242,250,236,743,778,782,514,242,245,250,2166,461,206,209,224,247,246,246,249,456,200,205,218,243,247,260,221,200,196,199,213,239,247,235,177,182,188,195,208,227,232,228,Drinking,97.3
1747828746800,262,240,247,247,253,251,247,244,243,519,1090,2564,2650,547,245,246,238,510,2443,2490,1114,546,242,250,238,742,781,786,518,245,245,253,2140,459,208,213,238,247,248,246,250,454,203,205,224,245,247,260,222,201,197,201,214,239,247,244,178,186,192,196,210,227,246,228,Drinking,97.3
1747828747000,262,240,251,260,2765,262,269,248,260,521,1091,2563,2627,863,245,246,238,511,2432,2485,1111,544,242,246,233,741,780,787,519,250,245,243,2146,461,211,217,238,248,248,243,252,456,204,209,226,248,259,266,223,203,200,204,221,239,243,244,179,187,192,199,211,232,245,234,Drinking,97.3
1747828747200,244,240,251,260,2765,253,269,248,246,517,1084,2563,2623,862,245,243,238,511,2432,2430,1105,545,239,246,241,742,774,781,514,251,247,249,2146,462,211,217,245,248,252,243,253,457,205,210,227,248,260,270,223,204,200,204,221,239,243,233,180,189,192,199,211,231,245,246,Drinking,97.3
1747828747400,244,244,250,256,2765,259,267,260,260,520,1084,2570,2627,862,241,239,238,512,2438,2430,1109,546,239,248,237,743,775,782,515,251,242,249,2151,463,211,218,244,255,260,252,254,457,205,210,231,246,260,270,221,204,200,204,221,239,241,233,181,190,194,199,213,232,237,234,Drinking,97.3
1747828747600,243,235,243,251,2760,254,262,260,246,515,1084,2573,2630,860,241,237,238,510,2438,2457,1112,545,243,248,237,742,777,784,517,251,242,249,2151,462,211,218,244,246,260,252,255,457,204,210,231,243,259,262,215,204,200,204,220,239,248,236,181,190,194,200,214,231,233,228,Drinking,97.3
1747828747800,243,223,239,237,2747,254,251,248,238,505,1077,2597,2630,856,239,233,231,499,2399,2457,1109,541,243,242,235,729,765,772,510,248,240,239,2130,454,201,210,226,244,240,246,254,449,199,202,222,239,241,257,208,201,195,200,215,234,241,236,179,185,192,199,214,231,228,227,Drinking,97.3
1747828748000,229,222,217,221,2758,254,245,235,225,211,506,2597,2641,846,233,231,208,195,496,802,812,522,220,223,234,188,184,185,202,225,227,235,243,193,183,188,200,216,213,242,243,194,188,186,202,223,230,242,183,190,184,190,203,217,228,228,179,185,192,198,207,218,222,217,Drinking,97.3
1747828748200,221,211,211,217,2747,2888,217,233,219,207,209,815,2602,1160,552,222,208,186,175,493,502,506,210,218,235,188,183,182,192,216,219,235,241,193,183,188,198,216,213,235,228,194,188,186,202,223,227,239,183,190,184,190,203,217,219,221,184,202,197,198,207,218,222,212,Drinking,97.3
1747828748400,221,211,211,205,219,2888,217,235,209,207,220,218,540,547,552,222,208,186,175,177,188,217,210,218,238,193,183,182,192,216,227,241,241,201,191,188,198,219,222,235,228,194,188,193,206,228,227,239,194,203,206,200,212,223,219,228,202,205,205,206,207,218,229,212,Drinking,97.3
1747828748600,234,261,233,217,219,310,247,247,209,211,224,218,222,245,247,259,232,491,251,217,246,249,259,241,241,2311,741,251,246,268,275,267,2157,2185,753,241,276,262,269,245,2071,965,273,263,251,258,262,277,254,250,261,252,265,262,288,251,263,270,244,290,245,263,256,1982,Drinking,97.3
1747828748800,234,261,233,205,219,225,247,247,200,211,224,218,222,245,247,259,205,486,251,217,246,249,259,241,238,2311,744,251,246,268,275,267,2161,2207,756,241,276,262,269,245,2071,969,273,263,251,258,262,277,254,250,668,668,667,262,288,251,263,270,244,3544,245,263,256,1989,Drinking,97.3
1747828749000,283,291,278,321,2895,310,297,309,278,1109,2609,2628,922,637,337,3003,253,2419,2464,1705,881,1109,1154,275,2268,2333,2419,1471,2539,1463,4444,279,2187,2210,1516,1219,3148,1462,813,278,2042,3860,1408,1093,1081,666,312,298,323,966,1165,3686,722,282,646,1967,263,281,290,268,291,303,284,1424,Not_Drinking,75.3
1747828749200,283,291,278,321,2895,310,297,309,278,1109,2609,2628,922,637,337,3003,253,2419,2464,1705,881,1109,1154,275,2268,2333,2419,1471,2539,1463,4444,279,2187,2210,1516,1219,3148,1462,813,278,2042,3860,1408,1093,1081,666,312,298,323,966,1165,3686,722,282,646,1967,263,281,290,268,291,303,284,1424,Not_Drinking,75.3
1747828749400,283,291,2742,2948,2895,310,297,309,278,1447,2734,2628,1250,637,337,3003,253,2537,2464,1721,881,1109,1154,275,2323,2423,2419,1471,2539,1463,4444,279,2248,2210,1527,1219,3148,1653,1005,278,2082,3860,1823,1093,1081,857,1842,298,323,3598,1580,3686,722,708,1021,1731,263,281,290,268,291,303,1995,1424,Not_Drinking,75.3
1747828749600,283,291,2742,3180,2895,310,297,309,278,1784,2886,2628,1279,1000,1004,3003,2512,2582,2704,1770,881,1473,3227,275,2366,2444,2419,1112,2539,1437,4444,279,2248,2210,1545,829,592,1263,1450,2415,2089,3978,1838,703,1035,810,1842,1727,323,3598,2837,3686,1490,3029,1516,1586,263,3496,3618,3659,291,303,1995,1348,Not_Drinking,75.3
1747828749800,3437,291,3053,3180,2895,310,297,309,278,2224,2891,2628,1279,1000,1004,3003,2512,2627,2704,1770,881,1473,3227,275,2384,2476,2419,1111,2539,1436,4444,279,2274,2210,1549,828,592,1262,1450,2415,2116,3978,1860,702,1034,810,1842,1727,323,3776,2859,3686,1490,3029,1505,1532,263,3496,3618,3659,291,303,1995,1315,Not_Drinking,75.3
1747828750000,3437,291,3527,3180,2895,310,297,309,278,2299,2965,2628,3146,1352,1004,3003,2512,2680,2704,2412,1513,2105,3227,275,2412,2479,2419,1393,4782,1717,4444,279,2268,2210,1549,1110,872,1544,1459,2466,2197,3978,1860,703,1036,812,1842,1748,323,3776,2859,3686,1490,3034,1522,1586,263,3496,3618,3659,291,303,2017,1348,Not_Drinking,75.3
1747828750200,3437,291,3527,3180,2895,310,297,309,278,2320,2979,3051,3146,1352,1004,3003,2512,2750,2792,2493,1565,2105,3227,275,2412,2530,2544,1418,4782,1716,4444,279,2268,2343,1588,1124,872,1543,1475,2567,2197,3978,1901,726,1184,936,1842,1774,2055,3776,2884,3882,1641,4040,1679,1678,263,3496,3618,3661,291,303,2021,1475,Not_Drinking,75.3
1747828750400,3437,291,3527,3180,2895,310,297,309,278,2320,2979,3051,3040,2302,3160,3003,2512,2750,2792,2594,2695,2793,3227,275,2412,2530,2544,2494,2606,2054,4444,279,2268,2343,2344,2391,1130,1271,1475,2567,2171,2204,2214,1477,1446,936,1842,1774,2056,2104,2686,3882,2062,4040,2100,1678,1962,3496,3618,3661,291,3676,2021,1475,Not_Drinking,75.3
1747828750600,3437,291,3527,3180,2895,310,3479,309,278,2320,2979,3051,3040,2957,3160,3111,2512,2750,2792,2594,2695,2793,3227,275,2412,2530,2544,2515,2551,2347,4444,279,2268,2225,2365,2391,2421,1564,1475,2567,2171,2186,2221,2213,2179,1669,1842,1774,2060,2093,2684,3882,3770,4040,2100,1678,1964,3496,3618,3661,291,3676,2021,1475,Not_Drinking,75.3
1747828750800,3437,291,3527,3180,2895,310,3479,309,278,2320,2979,3051,3040,2984,3031,3111,2512,2750,2792,2594,2657,2741,3227,275,2412,2530,2544,2515,2545,2500,1794,279,2268,2225,2375,2388,2421,1908,2447,2567,2171,2190,2240,2218,2772,3143,1842,1774,2097,2093,2114,3882,3770,4040,2443,1678,1970,2009,3618,3664,291,3572,2021,1475,Not_Drinking,75.3
1747828751000,3437,291,3527,3180,2895,310,3479,309,278,2320,2979,3051,3040,2984,2894,2981,2512,2750,2792,2594,2657,2670,2691,275,2412,2530,2544,2515,2497,2500,2522,279,2268,2225,2375,2385,2375,2208,2447,2567,2171,2190,2240,2218,2766,3143,1842,1774,2126,2093,2114,3882,3770,4040,2443,1678,1996,2003,3618,3725,291,3572,2021,1475,Not_Drinking,75.3
1747828751200,3437,291,3527,3180,2895,310,3479,309,278,2320,2979,3051,3040,2984,2819,2838,2512,2750,2792,2594,2657,2617,2613,2537,2412,2530,2544,2515,2421,2455,2522,279,2268,2225,2375,2338,2325,2301,2447,2567,2171,2253,2196,2208,2193,3143,1842,1774,2126,2090,2104,2125,3877,3784,2670,1678,2023,2009,2000,3725,291,3572,2021,3550,Not_Drinking,75.3
1747828751400,3437,291,3527,3180,2895,310,3479,309,3977,2783,2979,3051,3040,2984,2819,2797,2512,2750,2792,2594,2657,2617,2507,2537,2412,2530,2544,2515,2421,2396,2404,2353,2268,2225,2375,2280,2325,2301,2275,2567,2171,3748,2171,2194,2203,2164,1842,1774,2126,2097,2104,2117,3877,3784,2548,1678,2033,2015,2000,3635,291,3572,2021,3550,Not_Drinking,75.3
1747828751600,3437,291,3527,3180,2895,310,3479,309,3977,2783,2979,3051,3040,2984,2819,2797,2512,2750,2792,2594,2657,2617,2507,2455,2412,2530,2544,2515,3155,2396,2322,2353,2268,2225,2375,1897,2329,2278,2264,2215,2171,3748,2171,2192,2193,2164,1842,1774,2126,2129,2116,2125,2085,3784,2964,3625,2058,2053,2040,3635,291,3572,3408,3550,Not_Drinking,75.3
1747828751800,3437,291,3527,3180,2895,310,3479,309,3977,2783,2979,3051,3040,2984,2819,2797,2512,2750,2792,2594,2657,2617,2507,2455,2412,2530,2544,2515,3155,2396,2322,2309,2268,2225,2375,1897,2329,2278,2217,2210,2171,3825,2406,2152,2185,2164,2121,2075,3899,2156,2140,2112,2085,2047,2826,3625,2072,2062,2040,2035,291,3623,3408,3550,Not_Drinking,75.3
1747828752000,3437,291,3527,3180,2895,310,3479,309,3977,2783,2979,3051,3040,2984,2819,2797,2512,2750,2792,2594,2657,2617,2507,2455,2412,2530,2544,2515,3155,2396,2322,2309,2268,2225,2375,1897,3893,2332,2214,2178,2171,3825,2406,2152,2184,2151,2128,2075,3899,2169,2165,2126,2093,2047,2825,3625,2138,2067,2071,2018,291,3623,3408,3550,Not_Drinking,75.3
1747828752200,3437,291,3527,3180,2895,310,3479,309,3977,2783,2979,3051,3040,2984,2819,2797,2512,2750,2792,2594,2657,2617,2507,2455,2412,2530,2544,2515,3155,2396,2322,2309,2268,2225,2375,1897,3910,2335,2152,2160,2171,3825,2406,2163,2160,2151,2121,2069,2227,2171,2169,2130,2093,2050,2810,3632,2144,2071,2071,2018,291,3623,3408,3433,Not_Drinking,75.3
1747828752400,3437,291,3527,3180,2895,310,3479,309,3977,2783,2979,3051,3040,2984,2819,2797,2512,2750,2792,2594,2657,2617,2507,2455,2412,2530,2544,2515,3155,2396,3922,2309,2268,2225,2375,1897,3893,2332,2182,2160,2171,3825,2406,2163,2158,2171,2111,2069,2227,2194,2169,2133,2100,2050,1937,3632,2145,2092,2064,2018,291,3623,3497,3433,Not_Drinking,75.3
1747828752600,3437,291,3527,3180,2895,310,3479,309,3977,2859,3590,3051,3040,2984,2819,2797,2512,2750,2792,2594,2657,2617,2507,2455,2412,2530,2544,2515,3155,2396,3922,2309,2268,2225,2375,1897,3889,2302,2182,2167,2171,3825,2406,2173,2158,2171,2111,2106,2269,2194,2148,2133,2086,2050,1937,3632,2144,2071,2003,2018,291,3574,3497,3433,Not_Drinking,75.3
1747828752800,3437,291,3527,3180,2895,310,3479,309,3977,2859,3590,3051,3040,2984,2819,2797,2512,2750,2792,2594,2657,2617,2507,2455,2412,2530,2544,2515,3155,2396,3922,2309,2268,2225,2375,1897,3855,2223,2182,2167,2171,3825,2406,2141,2147,2171,2100,2106,2269,2194,2148,2133,2100,2041,1937,3632,2169,2092,2064,2018,291,3574,3497,3433,Not_Drinking,75.3
1747828753000,3437,291,3527,3180,2895,310,3479,309,3977,2859,3590,3051,3040,2984,2819,2797,2512,2750,2792,2594,2657,2617,2507,2455,2412,2530,2544,2515,3155,2396,3922,2309,2268,2225,2375,1897,3889,2230,2220,2206,2171,3825,2406,2173,2179,2168,2126,2108,2269,2167,2136,2123,2085,2050,1937,3632,2099,2075,2003,2018,291,3574,3497,3433,Not_Drinking,75.3
1747828753200,3437,291,3527,3180,2895,310,3479,309,3977,2859,3590,3051,3040,2984,2819,2797,2512,2750,2792,2594,2657,2617,2507,2455,2412,2530,2544,2515,3155,2396,3922,2309,2268,2225,2375,3892,3944,2223,2233,2233,2171,3825,2406,2176,2181,2168,2126,2106,2170,2120,2126,2107,2090,2106,1937,3632,2089,2075,2007,3702,291,3574,3497,3433,Not_Drinking,75.3
1747828753400,3437,291,3527,3180,2895,310,3479,309,3977,2859,3590,3051,2208,2984,2819,2797,2512,2750,2792,2594,2490,2617,2507,2455,2412,2530,2544,2515,3155,2396,3922,2309,2268,2225,2375,3892,3944,2230,2235,2244,2171,3758,2406,2176,2195,2168,2136,2066,2170,2120,2126,2107,2088,2106,1937,3632,2089,2038,2007,3702,291,3574,3497,3433,Not_Drinking,75.3
1747828753600,3437,291,3527,3180,2895,310,3479,309,3977,2859,3590,3051,2209,2984,2819,2797,2512,2750,2792,2594,2490,2617,2507,2455,2412,2530,2544,2515,3155,2396,2375,2309,2268,2225,2375,3892,3945,2257,2246,2250,2171,3758,2406,2228,2195,2185,2153,2066,2170,2116,2128,2118,2090,2068,1937,3632,2099,2036,2022,2007,291,3574,3497,3433,Not_Drinking,75.3
1747828753800,4070,291,3527,3180,2895,310,3479,309,3977,2938,3590,3051,2209,2984,2819,2797,2512,2750,2792,2594,2490,2617,2507,2455,2412,2530,2544,2515,3155,2396,2375,2309,2268,2225,2375,3892,3945,2257,2263,2281,2171,3758,2406,2281,2179,2187,2175,2142,2170,2123,2128,2128,2104,2068,1937,3632,2099,2038,2037,2007,291,3574,3497,3433,Not_Drinking,75.3
1747828754000,4070,291,3527,3180,2895,310,3479,309,3977,2938,3590,3051,2207,2984,2819,2797,2512,2750,2792,2594,2490,2617,2507,2455,2412,2530,2544,2515,3155,2396,2375,2309,2268,2225,2375,3892,3945,2311,2302,2288,2171,3758,2406,2281,2179,2194,2175,2142,2170,2090,2126,2128,2104,2071,1937,3632,2075,2059,2046,2015,291,3574,3497,3433,Not_Drinking,75.3
1747828754200,4070,291,3527,3180,2895,310,3479,309,3977,2938,3590,3051,2205,2984,2819,2797,2512,2750,2792,2594,2195,2617,2507,2455,2412,2530,2544,2515,3155,2408,2375,2309,2268,2225,2375,3892,3934,2362,2302,2294,2171,3831,2406,2281,2190,2202,2180,2123,2170,2161,2126,2134,2104,2084,1937,3744,2067,2065,2046,2015,291,3703,3588,3433,Not_Drinking,75.3
1747828754400,4070,291,3527,3180,2895,310,3479,309,3977,2938,3590,3051,2207,2984,2819,2797,2512,2750,2792,2594,2196,2617,2507,2455,2412,2530,2544,2515,3155,2409,2375,2309,2268,2225,2375,3892,3934,2362,2294,2294,2171,3831,2406,2281,2191,2202,2183,2123,2170,2161,2136,2115,2093,2084,1937,3744,2067,2068,2039,2028,291,3703,3588,3433,Not_Drinking,75.3
1747828754600,4070,291,3527,3180,2895,310,3479,309,3977,2938,3590,3051,2207,2984,2819,2797,2512,2750,2792,2594,2196,2617,2507,2455,2412,2530,2544,2515,3155,2410,2375,2309,2268,2567,2375,3892,3978,2362,2260,2285,2171,3831,2406,2281,2191,2207,2183,2187,2170,2161,2136,2133,2114,2092,1937,3730,2057,2065,2038,2048,291,3703,3598,3350,Not_Drinking,75.3
1747828754800,4070,291,3527,3180,2895,310,3479,309,3977,2938,3590,3051,2207,2984,2819,2797,2512,2750,2792,2594,2194,2617,2507,2455,2412,2530,2544,2515,3155,2411,2375,2309,2268,2567,2375,3892,3994,2362,2252,2282,2171,3831,2406,2281,2196,2207,2180,2187,2170,2138,2135,2132,2093,2092,1937,3638,2057,2054,2039,2048,291,3703,3598,3350,Not_Drinking,75.3
1747828755000,4070,291,3527,3180,2895,310,3479,309,3977,2938,3590,4011,2328,2984,2819,2797,2512,2750,2792,2594,2283,2617,2507,2455,2412,2530,2544,2515,2901,2385,2375,2309,2268,2567,2375,3892,3994,2406,2252,2271,2171,3831,2406,2281,2196,2201,2176,2148,2170,2111,2135,2132,2113,2092,1937,3638,2079,2054,2051,2028,291,3703,3598,3350,Not_Drinking,75.3
1747828755200,4070,291,3527,3180,2895,310,3479,309,3977,2938,3590,4011,2326,2984,2819,2797,2512,2750,2792,2594,2285,2617,2507,2455,2412,2530,2544,2515,2901,2383,2375,2309,2268,2555,2375,2548,3982,2406,2260,2271,2171,3737,2406,2281,2196,2201,2176,2148,2170,2133,2135,2114,2091,2088,1937,3638,2079,2068,2051,2004,291,3703,3598,3350,Not_Drinking,75.3
1747828755400,4070,291,3527,3180,2895,310,3479,309,3977,2986,3972,4011,2329,2984,2819,2797,2512,2750,2792,2594,2285,2617,2507,2455,2412,2530,2544,2515,2901,2194,2375,2309,2268,2516,2065,2548,2428,2406,2276,2283,2171,3737,2406,2281,2197,2200,2180,2148,2170,2120,2133,2103,2091,2084,1937,3638,2067,2068,2042,2004,291,3703,3598,3350,Not_Drinking,75.3
1747828755600,4070,291,3527,3180,2895,310,3479,309,3977,2986,3972,4011,2329,2984,2819,2797,2512,2750,2792,2594,2285,2617,2507,2455,2412,2530,2544,2515,2901,2169,2298,2309,2268,2516,2065,2548,2428,2276,2281,2283,2171,3737,2406,2194,2200,2177,2180,2128,2170,2120,2119,2101,2091,2080,1937,3638,2059,2025,2016,2044,291,3666,3598,3350,Not_Drinking,75.3
1747828755800,4070,291,3527,3180,2895,310,3479,309,3977,2986,3972,4011,2328,2984,2819,2797,2512,2750,2792,2594,2791,2617,2507,2455,2412,2530,2544,2515,2901,4092,2298,2378,2268,2522,2065,2548,2276,2276,2283,2280,2171,3783,2406,2176,2199,2177,2180,2128,2158,2109,2109,2086,2120,2080,1937,3719,2041,2018,1997,2044,291,3666,3598,3350,Not_Drinking,75.3
1747828756000,4070,291,3527,3180,2895,310,3479,309,3977,2986,3972,4011,2326,2984,2819,2797,2512,2750,2792,2594,2791,2617,2507,2455,2412,2530,2544,2515,2901,4092,2379,2385,2268,2494,2065,2548,2276,2276,2281,2280,2171,3783,2180,2175,2199,2179,2215,2128,2090,2092,2069,2082,2120,3742,1937,3719,2011,2001,1997,3668,291,3666,3598,3517,Not_Drinking,75.3
1747828756200,4070,291,3527,3180,2895,310,3479,309,3977,2986,3972,4011,2330,2984,2819,2797,2512,2750,2792,2594,2581,2617,2516,2515,2412,2530,2544,2515,2901,2413,2379,2404,2268,2287,2065,2548,2287,2274,2274,2280,2171,2130,2178,2173,2160,2179,2215,2128,2072,2091,2065,2074,2120,3742,1937,3719,1982,2001,1997,3668,3601,3666,3598,3517,Not_Drinking,75.3
1747828756400,4070,291,4002,3180,2895,310,3479,309,3977,3045,3972,4011,2644,2984,2819,2797,2512,2750,2792,2594,2563,2617,2548,2558,2412,2530,2544,2515,2414,2404,2406,2441,2268,2303,2206,2291,2290,2274,2274,2280,2171,2130,2170,2173,2160,3968,2215,2128,2027,2072,2065,2074,2120,3742,1937,3726,1980,1983,1997,3608,3601,821,3598,3517,Not_Drinking,75.3
1747828756600,4070,291,4002,3180,2895,310,3479,309,3977,3045,3972,4011,2644,2984,2819,2751,2512,2750,2792,2594,2563,2617,2550,2616,2412,2530,2544,2515,2401,2406,2472,2441,4419,3944,2248,2272,2287,2301,2274,2280,2171,2137,2170,2164,2160,3968,2215,2128,2027,2048,2065,2074,2120,3742,1937,3726,1971,1983,3583,3608,3601,821,3517,3517,Not_Drinking,75.3
1747828756800,3751,291,4002,3180,2895,310,3479,309,3977,3005,3972,4011,2629,2984,2740,2725,2512,2750,2792,2594,2502,2558,2550,2616,2412,2530,2544,2376,2410,2406,2472,2441,4419,3944,2249,2291,2290,3324,2274,2280,2171,2139,2166,2142,2160,3964,2215,2128,2033,2033,2108,3796,2120,3742,1937,3726,1947,1983,3583,3608,3601,821,3517,3517,Not_Drinking,75.3
1747828757000,3751,291,4002,3180,2895,310,3479,3060,3977,3005,3972,4011,2629,2984,2740,2725,2512,2750,2792,2594,2502,2558,2512,2616,2412,2530,2544,2376,2410,2464,2472,2441,4419,3944,2252,2290,2293,3324,2274,2280,2171,2140,2166,2142,2160,3919,2215,2128,2042,2033,2108,3796,2120,3704,1937,3726,1956,1983,3583,3624,3601,821,3517,3517,Not_Drinking,75.3
1747828757200,3751,291,4002,3180,2895,310,3479,3060,3977,3005,3972,4011,2671,2716,2774,2725,2512,2750,2792,2594,2583,2586,2512,2616,2412,2530,2544,2378,2436,2464,2472,2441,4419,3944,2293,2291,2328,3324,2274,50,2171,2155,2167,2142,2160,3919,2215,2128,2042,2053,2108,3796,2120,3704,1937,3726,1956,1983,3583,3624,3601,821,3607,3517,Not_Drinking,75.3
1747828757400,230,291,244,3180,261,310,293,3013,3977,1493,3972,4011,2671,2716,2789,2909,242,2750,2637,2594,2583,2612,2681,2616,2412,2530,2544,2378,2443,2455,2472,2441,251,3944,2293,2308,2349,3324,2274,254,2171,2155,2167,2142,2160,3919,2215,2128,2037,2053,2108,3796,2120,3704,1937,3726,1956,1983,3583,3589,3601,821,3607,3517,Not_Drinking,75.3
1747828757600,227,252,244,268,261,263,250,270,242,272,258,264,558,1167,2774,2909,236,292,242,536,1109,2586,2688,278,244,262,772,1308,2469,2455,1131,273,214,976,2293,2323,2349,1070,536,254,192,2155,2183,1699,1210,510,253,278,159,686,1152,3766,686,243,247,240,176,200,228,237,243,234,228,254,Not_Drinking,75.3
1747828757800,227,237,244,264,261,255,293,249,238,257,246,238,241,573,906,2891,217,234,242,531,826,1126,2728,249,236,485,757,1308,2486,2523,851,251,203,964,2284,2323,2349,1077,537,250,158,2165,2174,1250,764,505,248,273,150,663,692,235,214,237,247,229,147,154,181,208,215,212,228,251,Not_Drinking,75.3
1747828758000,214,218,243,260,255,255,259,240,238,265,246,263,241,561,563,259,216,233,234,532,821,1123,2728,249,238,484,757,1310,2486,2523,847,266,203,964,2284,2330,2365,1079,539,250,154,2165,2187,2160,1001,508,250,273,136,660,926,698,466,238,250,223,134,154,181,208,214,212,230,235,Not_Drinking,75.3
1747828758200,214,218,233,264,242,249,259,240,238,257,238,233,241,553,556,250,204,228,234,261,811,1116,2720,220,236,478,752,1309,2486,2526,841,255,178,957,2284,2354,2365,1077,532,244,144,2159,2184,2213,1009,507,248,242,134,661,933,704,470,235,252,219,134,158,199,206,200,220,232,226,Not_Drinking,75.3
1747828758400,210,218,221,246,240,256,259,252,215,245,234,221,544,854,856,243,202,224,234,517,1110,2658,2720,214,211,468,749,1308,2506,2526,1136,255,171,701,2272,2365,2368,1077,528,238,144,678,2184,2217,1008,504,246,243,134,412,684,703,469,238,252,219,134,158,199,198,200,220,232,221,Not_Drinking,75.3
1747828758600,210,208,215,246,216,249,259,252,212,229,233,221,538,848,853,243,196,223,255,523,1114,2658,2720,220,192,209,498,1059,2506,2556,1139,217,171,448,980,2358,2379,1083,529,229,171,432,2184,2248,1018,512,246,242,139,421,693,712,476,240,252,223,145,173,200,198,209,234,237,220,Not_Drinking,75.3
1747828758800,143,164,158,134,206,193,272,221,141,161,167,223,515,845,1506,2957,156,150,256,516,1111,2681,2738,2761,155,209,484,1056,2506,2569,1727,213,215,705,1237,2362,2396,2393,793,210,190,2177,2226,2251,1752,1252,971,228,2047,2097,2120,969,940,3906,693,230,1992,2007,231,204,220,243,237,218,Not_Drinking,75.3
1747828759000,143,164,158,134,206,193,272,221,141,161,167,223,515,843,1507,2962,156,150,256,520,1117,2681,2720,2788,155,209,484,1063,2545,2575,2577,213,215,706,1238,2362,2416,2430,1449,210,190,2177,2234,2251,2363,3116,1336,228,2085,2104,2126,2174,1545,3906,1053,230,2003,2010,231,204,220,243,237,218,Not_Drinking,75.3
1747828759200,143,164,158,134,206,193,272,221,141,161,167,223,515,843,1508,2962,156,150,256,521,1118,2681,2722,2788,155,209,489,1069,2552,2575,2630,213,215,707,1247,2401,2420,2444,1458,210,190,2177,2245,2270,2263,3116,1338,228,2085,2104,2139,2174,1799,3906,1053,230,2003,2013,1964,204,220,243,237,218,Not_Drinking,75.3
1747828759400,143,164,158,134,206,193,272,221,141,161,167,223,515,842,1555,3350,156,150,256,785,1382,2681,2712,2788,155,209,489,1333,4664,2572,2577,2473,215,711,1250,2401,2416,2430,2300,210,190,2177,2272,2270,2263,2281,1487,228,2085,2101,2139,2168,1694,3906,949,230,2002,2029,2002,204,220,243,237,218,Not_Drinking,75.3
1747828759600,143,164,158,134,206,193,272,221,141,161,167,223,515,826,1532,3350,156,150,256,785,1371,2681,2583,2732,155,686,979,1827,4664,2486,2571,2473,215,1201,4169,2401,2447,2319,2357,2350,190,2177,2272,2246,2242,2235,1742,228,2085,2082,2103,2148,2114,3906,943,230,2002,2041,2032,2003,220,243,237,218,Not_Drinking,75.3
1747828759800,143,164,158,134,206,193,272,221,141,161,167,223,515,826,1532,3350,156,150,256,785,1371,2681,2583,2732,155,686,979,1830,4664,2486,2571,2473,215,1201,4169,2401,2470,2319,2357,2401,190,2177,2272,2243,2232,2235,2207,228,2085,2082,2103,2148,2145,2133,966,230,2002,2041,2032,2026,2061,243,237,218,Not_Drinking,75.3
1747828760000,942,164,158,134,206,193,272,221,141,161,167,223,515,826,1268,1242,156,150,256,785,1371,2681,2583,2732,155,686,979,1830,4664,2486,2571,2528,215,1201,4169,2401,2470,2370,2368,2367,190,2177,2272,2243,2232,2238,2252,228,2085,2082,2077,2152,2146,2126,971,230,2002,2034,2032,2027,2061,243,237,218,Not_Drinking,75.3
1747828760200,942,164,158,134,206,193,272,3638,141,749,4032,681,515,826,1695,1242,156,666,684,1268,1371,2681,2583,2732,155,686,979,2029,4664,2486,2571,2528,215,1201,4169,2401,4061,2540,2369,2373,190,2177,2272,2243,2221,2246,2252,2258,2085,2082,2060,2152,2161,2133,1227,230,2002,2034,2041,2046,2019,243,237,218,Not_Drinking,75.3
1747828760400,901,164,158,134,206,193,272,3638,141,744,4032,681,515,826,1695,1242,156,666,684,1268,1371,2681,2583,2732,155,686,979,2029,4664,2486,2571,2528,215,1201,4169,2401,4061,2540,2369,2367,190,2177,2272,2243,2221,2238,2245,2258,2085,2082,2060,2120,2161,2126,2060,230,2002,2043,2041,2046,2014,243,237,218,Not_Drinking,75.3
1747828760600,901,164,158,134,206,193,272,3638,141,744,4032,681,515,826,1695,1242,156,666,684,1268,1371,2681,2583,2732,155,686,979,2029,4664,2486,2571,2528,215,1201,4169,2401,4061,2476,2313,2342,190,2177,2272,2243,2221,2213,2200,2205,2085,2082,2060,2113,2122,2117,2060,230,2071,2053,2035,2019,2014,3646,3592,218,Not_Drinking,75.3
1747828760800,901,164,158,134,206,193,272,3638,141,741,4006,678,515,826,1695,1242,156,663,681,1265,1371,2681,2583,2732,155,686,979,2029,4664,2486,2571,2433,215,1201,4169,2401,4061,2476,2300,2303,190,2177,2272,2201,2209,2201,2175,2205,2085,2082,2121,2113,2102,2071,3787,230,2075,2053,2032,2018,2014,3646,3592,218,Not_Drinking,75.3
1747828761000,901,164,158,134,206,193,272,3638,141,741,4006,678,515,826,1695,1242,156,663,681,1265,1371,2681,2583,2732,155,686,979,2016,4664,2486,2571,2433,215,1201,4169,2401,3964,2332,2300,2269,190,2177,2272,2201,2209,2201,2175,2205,3567,2091,2124,2108,2102,2058,3787,230,2071,2041,2025,2010,2014,3646,3592,218,Not_Drinking,75.3
1747828761200,901,164,158,134,206,193,272,3638,141,741,4006,678,515,826,1695,1242,156,663,681,1265,1371,2681,2583,2732,155,686,979,1807,4664,2486,2433,2361,215,1201,4169,2401,2285,2270,2279,2263,190,2177,2272,2198,2209,2184,2176,2205,3567,2091,2121,2098,2123,2058,3785,230,2030,2016,2024,1998,2014,3646,3592,218,Not_Drinking,75.3
1747828761400,901,164,3772,134,206,193,272,3638,141,1097,3238,1034,515,826,1671,1242,156,567,585,1169,1371,2681,2583,2537,155,686,979,1805,4664,2486,2403,2430,215,1201,4169,2401,2272,2318,2310,2250,190,2286,2166,2203,2205,2178,2176,2205,2123,2113,2096,2098,2123,2058,3785,3628,2030,2013,2024,2010,266,3646,3592,218,Not_Drinking,75.3
1747828761600,901,164,3824,134,206,193,272,3638,141,1103,3238,1040,515,831,1676,1242,156,567,585,1169,1361,2681,2620,2537,155,686,979,1805,4664,2405,2403,2430,215,1201,4169,2401,2272,2318,2310,2250,190,2286,2164,2198,2195,2178,3919,2205,1999,2108,2096,2097,2123,3844,3785,3628,2024,2009,2024,3619,266,3646,3592,3427,Not_Drinking,75.3
1747828761800,4000,164,3824,134,206,193,272,3638,141,1491,3238,1040,515,831,1677,1242,156,567,585,1169,1361,2681,2620,2545,155,686,979,1808,4664,2405,2412,2436,215,1201,4169,2401,2295,2335,2310,2250,190,2286,2164,2197,2205,2194,3919,2205,1999,2108,2127,2110,3775,3844,3785,3628,2024,2006,2012,3656,266,3674,3592,3427,Not_Drinking,75.3
1747828762000,4000,164,3824,134,206,193,272,3638,141,1491,3238,1040,515,831,1677,1242,156,567,585,1169,1361,2681,2620,2545,155,686,979,1810,4664,2405,2464,2448,215,1201,4169,2401,2311,2335,2318,2343,190,2290,2164,2197,2217,2222,3919,2205,1999,2094,2127,2110,2146,3820,3785,3753,2023,2005,2012,3656,266,3674,3592,3427,Not_Drinking,75.3
1747828762200,1936,164,3824,134,206,193,272,3638,141,1233,3238,1040,515,831,1677,1242,156,567,585,1169,1365,2681,2620,2545,155,686,979,1810,4664,2438,2464,2448,215,1201,4169,2401,2311,2337,2320,2343,190,2290,2164,2213,2217,2222,3919,2205,1999,2094,2091,2110,3775,3820,3785,3753,2009,2005,2008,3656,266,3674,3592,3427,Not_Drinking,75.3
1747828762400,1936,164,3824,134,206,193,272,3638,141,1233,3238,1040,515,820,1673,1242,156,567,585,1169,1368,2681,2535,2601,155,686,979,1811,4664,2461,2470,2450,215,1203,4169,2401,2318,2346,2320,2343,190,2290,2179,2233,2217,2258,3919,2205,1999,2094,2091,2117,3904,3834,3785,3753,1998,2005,2008,3656,266,3674,3592,3427,Not_Drinking,75.3
1747828762600,175,147,113,134,135,193,209,3638,141,161,227,215,501,510,1245,203,156,150,215,198,819,2681,1655,2601,155,681,974,1257,1612,2438,2443,2450,215,1203,4169,2401,2318,2346,2314,128,190,2290,2179,2213,2214,2258,3919,2205,2079,2086,2091,2087,3904,3834,3785,3753,1998,2009,1959,3656,266,3674,3592,108,Not_Drinking,75.3
1747828762800,120,103,84,86,78,93,83,104,101,119,100,88,85,81,397,94,96,107,110,109,374,660,1241,2545,98,95,102,92,650,2357,2393,2283,86,98,89,76,644,2310,1216,110,97,585,330,69,355,359,373,94,2079,2086,572,71,59,100,83,113,2015,2010,94,86,87,90,96,94,Not_Drinking,75.3
1747828763000,120,103,84,86,78,93,83,104,101,119,100,88,85,81,397,94,96,107,110,109,374,660,1241,2545,98,95,102,92,650,2357,2393,2283,86,98,89,76,644,2310,1216,110,97,585,330,69,355,359,373,94,2079,2086,572,71,59,100,83,113,2015,2010,94,86,87,90,96,94,Not_Drinking,75.3
1747828763200,93,98,84,94,87,89,83,84,92,100,100,89,90,86,85,80,84,93,92,109,88,85,85,82,86,90,85,87,84,84,85,81,81,85,82,80,75,79,79,83,82,581,330,72,68,69,71,77,2079,2093,568,70,63,69,64,68,2024,2007,76,68,60,62,59,59,Not_Drinking,75.3
1747828763400,86,89,84,94,87,89,81,84,87,90,93,89,90,86,85,79,84,93,82,85,86,85,84,82,86,90,85,81,84,84,85,81,81,85,82,81,77,79,79,83,82,580,329,72,67,69,71,77,2068,2094,567,70,63,69,64,68,2035,2007,76,65,60,62,59,59,Not_Drinking,75.3
1747828763600,86,89,84,94,87,89,81,84,87,90,93,89,90,86,85,79,84,93,82,85,86,85,84,82,86,90,85,81,84,84,85,81,81,85,82,81,77,79,79,83,82,580,329,72,67,69,71,77,2068,2094,567,70,63,69,64,68,2035,2007,76,65,60,62,59,59,Not_Drinking,75.3
